{"cameraMode":{"drawMode":0,"name":"Shaded","section":"Shading Mode"},"sceneLighting":true,"audioPlay":false,"sceneViewState":{"showFog":true,"showMaterialUpdate":false,"showSkybox":true,"showFlares":true,"showImageEffects":true,"showParticleSystems":true},"in2DMode":false,"pivot":{"x":-0.6383797526359558,"y":-1.6301151514053345,"z":74.48115539550781},"rotation":{"x":0.021309515461325647,"y":0.003306464059278369,"z":-0.00006682804087176919,"w":0.9997869729995728},"size":41.120628356933597,"orthographic":false}