{"cameraMode":{"drawMode":0,"name":"Shaded","section":"Shading Mode"},"sceneLighting":false,"audioPlay":false,"sceneViewState":{"showFog":true,"showMaterialUpdate":false,"showSkybox":false,"showFlares":true,"showImageEffects":true,"showParticleSystems":true},"in2DMode":false,"pivot":{"x":-0.49251651763916018,"y":0.4619208574295044,"z":-1.1322449445724488},"rotation":{"x":-0.10945220291614533,"y":0.04977577179670334,"z":-0.005487601738423109,"w":-0.9927337765693665},"size":0.2385396957397461,"orthographic":false}