{"cameraMode":{"drawMode":0,"name":"Shaded","section":"Shading Mode"},"sceneLighting":true,"audioPlay":false,"sceneViewState":{"showFog":true,"showMaterialUpdate":false,"showSkybox":true,"showFlares":true,"showImageEffects":true,"showParticleSystems":true},"in2DMode":false,"pivot":{"x":115.13951110839844,"y":272.96551513671877,"z":-330.10980224609377},"rotation":{"x":0.05215779319405556,"y":-0.01887521892786026,"z":-0.0009851043578237296,"w":-0.9984659552574158},"size":203.3638916015625,"orthographic":false}