{"cameraMode":{"drawMode":0,"name":"Shaded","section":"Shading Mode"},"sceneLighting":false,"audioPlay":false,"sceneViewState":{"showFog":true,"showMaterialUpdate":false,"showSkybox":false,"showFlares":true,"showImageEffects":true,"showParticleSystems":true},"in2DMode":false,"pivot":{"x":0.0,"y":0.44999998807907107,"z":1.0499999523162842},"rotation":{"x":-0.10945220291614533,"y":0.04977577179670334,"z":-0.005487601738423109,"w":-0.9927337765693665},"size":0.538539707660675,"orthographic":false}