{"cameraMode":{"drawMode":0,"name":"Shaded","section":"Shading Mode"},"sceneLighting":true,"audioPlay":false,"sceneViewState":{"showFog":true,"showMaterialUpdate":false,"showSkybox":true,"showFlares":true,"showImageEffects":true,"showParticleSystems":true},"in2DMode":false,"pivot":{"x":-27.42217254638672,"y":-131.6807403564453,"z":594.6331176757813},"rotation":{"x":-0.11045868694782257,"y":0.022354114800691606,"z":-0.0029113166965544225,"w":-0.9936992526054382},"size":308.3244934082031,"orthographic":false}