{"cameraMode":{"drawMode":0,"name":"Shaded","section":"Shading Mode"},"sceneLighting":false,"audioPlay":false,"sceneViewState":{"showFog":true,"showMaterialUpdate":false,"showSkybox":false,"showFlares":true,"showImageEffects":true,"showParticleSystems":true},"in2DMode":false,"pivot":{"x":0.3899497985839844,"y":5.1813249588012699,"z":32.21601104736328},"rotation":{"x":-0.30792269110679629,"y":0.13208964467048646,"z":-0.04358711093664169,"w":-0.9412581920623779},"size":40.23112487792969,"orthographic":false}