{"cameraMode":{"drawMode":0,"name":"Shaded","section":"Shading Mode"},"sceneLighting":false,"audioPlay":false,"sceneViewState":{"showFog":true,"showMaterialUpdate":false,"showSkybox":false,"showFlares":true,"showImageEffects":true,"showParticleSystems":true},"in2DMode":false,"pivot":{"x":1.1297208070755005,"y":-11.911566734313965,"z":50.4381217956543},"rotation":{"x":-0.2168632447719574,"y":-0.03517930582165718,"z":0.007439354434609413,"w":-0.9756119847297669},"size":32.8588752746582,"orthographic":false}